Id2,Number; Total population,Percent; Total population,Number; Total population - SEX AND AGE - Male,Percent; Total population - SEX AND AGE - Male,Number; Total population - SEX AND AGE - Female,Percent; Total population - SEX AND AGE - Female,Number; Total population - SEX AND AGE - Under 5 years,Percent; Total population - SEX AND AGE - Under 5 years,Number; Total population - SEX AND AGE - 5 to 9 years,Percent; Total population - SEX AND AGE - 5 to 9 years,Number; Total population - SEX AND AGE - 10 to 14 years,Percent; Total population - SEX AND AGE - 10 to 14 years,Number; Total population - SEX AND AGE - 15 to 19 years,Percent; Total population - SEX AND AGE - 15 to 19 years,Number; Total population - SEX AND AGE - 20 to 24 years,Percent; Total population - SEX AND AGE - 20 to 24 years,Number; Total population - SEX AND AGE - 25 to 34 years,Percent; Total population - SEX AND AGE - 25 to 34 years,Number; Total population - SEX AND AGE - 35 to 44 years,Percent; Total population - SEX AND AGE - 35 to 44 years,Number; Total population - SEX AND AGE - 45 to 54 years,Percent; Total population - SEX AND AGE - 45 to 54 years,Number; Total population - SEX AND AGE - 55 to 59 years,Percent; Total population - SEX AND AGE - 55 to 59 years,Number; Total population - SEX AND AGE - 60 to 64 years,Percent; Total population - SEX AND AGE - 60 to 64 years,Number; Total population - SEX AND AGE - 65 to 74 years,Percent; Total population - SEX AND AGE - 65 to 74 years,Number; Total population - SEX AND AGE - 75 to 84 years,Percent; Total population - SEX AND AGE - 75 to 84 years,Number; Total population - SEX AND AGE - 85 years and over,Percent; Total population - SEX AND AGE - 85 years and over,Number; Total population - SEX AND AGE - Median age (years),Percent; Total population - SEX AND AGE - Median age (years),Number; Total population - SEX AND AGE - 18 years and over,Percent; Total population - SEX AND AGE - 18 years and over,Number; Total population - SEX AND AGE - 18 years and over - Male,Percent; Total population - SEX AND AGE - 18 years and over - Male,Number; Total population - SEX AND AGE - 18 years and over - Female,Percent; Total population - SEX AND AGE - 18 years and over - Female,Number; Total population - SEX AND AGE - 21 years and over,Percent; Total population - SEX AND AGE - 21 years and over,Number; Total population - SEX AND AGE - 62 years and over,Percent; Total population - SEX AND AGE - 62 years and over,Number; Total population - SEX AND AGE - 65 years and over,Percent; Total population - SEX AND AGE - 65 years and over,Number; Total population - SEX AND AGE - 65 years and over - Male,Percent; Total population - SEX AND AGE - 65 years and over - Male,Number; Total population - SEX AND AGE - 65 years and over - Female,Percent; Total population - SEX AND AGE - 65 years and over - Female,Number; Total population - RACE - One race,Percent; Total population - RACE - One race,Number; Total population - RACE - One race - White,Percent; Total population - RACE - One race - White,Number; Total population - RACE - One race - Black or African American,Percent; Total population - RACE - One race - Black or African American,Number; Total population - RACE - One race - American Indian and Alaska Native,Percent; Total population - RACE - One race - American Indian and Alaska Native,Number; Total population - RACE - One race - Asian,Percent; Total population - RACE - One race - Asian,Number; Total population - RACE - One race - Asian - Asian Indian,Percent; Total population - RACE - One race - Asian - Asian Indian,Number; Total population - RACE - One race - Asian - Chinese,Percent; Total population - RACE - One race - Asian - Chinese,Number; Total population - RACE - One race - Asian - Filipino,Percent; Total population - RACE - One race - Asian - Filipino,Number; Total population - RACE - One race - Asian - Japanese,Percent; Total population - RACE - One race - Asian - Japanese,Number; Total population - RACE - One race - Asian - Korean,Percent; Total population - RACE - One race - Asian - Korean,Number; Total population - RACE - One race - Asian - Vietnamese,Percent; Total population - RACE - One race - Asian - Vietnamese,Number; Total population - RACE - One race - Asian - Other Asian [1],Percent; Total population - RACE - One race - Asian - Other Asian [1],Number; Total population - RACE - One race - Native Hawaiian and Other Pacific Islander,Percent; Total population - RACE - One race - Native Hawaiian and Other Pacific Islander,Number; Total population - RACE - One race - Native Hawaiian and Other Pacific Islander - Native Hawaiian,Percent; Total population - RACE - One race - Native Hawaiian and Other Pacific Islander - Native Hawaiian,Number; Total population - RACE - One race - Native Hawaiian and Other Pacific Islander - Guamanian or Chamorro,Percent; Total population - RACE - One race - Native Hawaiian and Other Pacific Islander - Guamanian or Chamorro,Number; Total population - RACE - One race - Native Hawaiian and Other Pacific Islander - Samoan,Percent; Total population - RACE - One race - Native Hawaiian and Other Pacific Islander - Samoan,Number; Total population - RACE - One race - Native Hawaiian and Other Pacific Islander - Other Pacific Islander [2],Percent; Total population - RACE - One race - Native Hawaiian and Other Pacific Islander - Other Pacific Islander [2],Number; Total population - RACE - One race - Some other race,Percent; Total population - RACE - One race - Some other race,Number; Total population - RACE - Two or more races,Percent; Total population - RACE - Two or more races,Number; Total population - RACE - Race alone or in combination with one or more other races [3] - White,Percent; Total population - RACE - Race alone or in combination with one or more other races [3] - White,Number; Total population - RACE - Race alone or in combination with one or more other races [3] - Black or African American,Percent; Total population - RACE - Race alone or in combination with one or more other races [3] - Black or African American,Number; Total population - RACE - Race alone or in combination with one or more other races [3] - American Indian and Alaska Native,Percent; Total population - RACE - Race alone or in combination with one or more other races [3] - American Indian and Alaska Native,Number; Total population - RACE - Race alone or in combination with one or more other races [3] - Asian,Percent; Total population - RACE - Race alone or in combination with one or more other races [3] - Asian,Number; Total population - RACE - Race alone or in combination with one or more other races [3] - Native Hawaiian and Other Pacific Islander,Percent; Total population - RACE - Race alone or in combination with one or more other races [3] - Native Hawaiian and Other Pacific Islander,Number; Total population - RACE - Race alone or in combination with one or more other races [3] - Some other race,Percent; Total population - RACE - Race alone or in combination with one or more other races [3] - Some other race,Number; HISPANIC OR LATINO AND RACE - Total population,Percent; HISPANIC OR LATINO AND RACE - Total population,Number; HISPANIC OR LATINO AND RACE - Total population - Hispanic or Latino (of any race),Percent; HISPANIC OR LATINO AND RACE - Total population - Hispanic or Latino (of any race),Number; HISPANIC OR LATINO AND RACE - Total population - Hispanic or Latino (of any race) - Mexican,Percent; HISPANIC OR LATINO AND RACE - Total population - Hispanic or Latino (of any race) - Mexican,Number; HISPANIC OR LATINO AND RACE - Total population - Hispanic or Latino (of any race) - Puerto Rican,Percent; HISPANIC OR LATINO AND RACE - Total population - Hispanic or Latino (of any race) - Puerto Rican,Number; HISPANIC OR LATINO AND RACE - Total population - Hispanic or Latino (of any race) - Cuban,Percent; HISPANIC OR LATINO AND RACE - Total population - Hispanic or Latino (of any race) - Cuban,Number; HISPANIC OR LATINO AND RACE - Total population - Hispanic or Latino (of any race) - Other Hispanic or Latino,Percent; HISPANIC OR LATINO AND RACE - Total population - Hispanic or Latino (of any race) - Other Hispanic or Latino,Number; HISPANIC OR LATINO AND RACE - Total population - Not Hispanic or Latino,Percent; HISPANIC OR LATINO AND RACE - Total population - Not Hispanic or Latino,Number; HISPANIC OR LATINO AND RACE - Total population - Not Hispanic or Latino - White alone,Percent; HISPANIC OR LATINO AND RACE - Total population - Not Hispanic or Latino - White alone,Number; RELATIONSHIP - Total population,Percent; RELATIONSHIP - Total population,Number; RELATIONSHIP - Total population - In households,Percent; RELATIONSHIP - Total population - In households,Number; RELATIONSHIP - Total population - In households - Householder,Percent; RELATIONSHIP - Total population - In households - Householder,Number; RELATIONSHIP - Total population - In households - Spouse,Percent; RELATIONSHIP - Total population - In households - Spouse,Number; RELATIONSHIP - Total population - In households - Child,Percent; RELATIONSHIP - Total population - In households - Child,Number; RELATIONSHIP - Total population - In households - Child - Own child under 18 years,Percent; RELATIONSHIP - Total population - In households - Child - Own child under 18 years,Number; RELATIONSHIP - Total population - In households - Other relatives,Percent; RELATIONSHIP - Total population - In households - Other relatives,Number; RELATIONSHIP - Total population - In households - Other relatives - Under 18 years,Percent; RELATIONSHIP - Total population - In households - Other relatives - Under 18 years,Number; RELATIONSHIP - Total population - In households - Nonrelatives,Percent; RELATIONSHIP - Total population - In households - Nonrelatives,Number; RELATIONSHIP - Total population - In households - Nonrelatives - Unmarried partner,Percent; RELATIONSHIP - Total population - In households - Nonrelatives - Unmarried partner,Number; RELATIONSHIP - Total population - In group quarters,Percent; RELATIONSHIP - Total population - In group quarters,Number; RELATIONSHIP - Total population - In group quarters - Institutionalized population,Percent; RELATIONSHIP - Total population - In group quarters - Institutionalized population,Number; RELATIONSHIP - Total population - In group quarters - Noninstitutionalized population,Percent; RELATIONSHIP - Total population - In group quarters - Noninstitutionalized population,Number; HOUSEHOLDS BY TYPE - Total households,Percent; HOUSEHOLDS BY TYPE - Total households,Number; HOUSEHOLDS BY TYPE - Total households - Family households (families),Percent; HOUSEHOLDS BY TYPE - Total households - Family households (families),Number; HOUSEHOLDS BY TYPE - Total households - Family households (families) - With own children under 18 years,Percent; HOUSEHOLDS BY TYPE - Total households - Family households (families) - With own children under 18 years,Number; HOUSEHOLDS BY TYPE - Total households - Family households (families) - Married-couple family,Percent; HOUSEHOLDS BY TYPE - Total households - Family households (families) - Married-couple family,Number; HOUSEHOLDS BY TYPE - Total households - Family households (families) - Married-couple family - With own children under 18 years,Percent; HOUSEHOLDS BY TYPE - Total households - Family households (families) - Married-couple family - With own children under 18 years,"Number; HOUSEHOLDS BY TYPE - Total households - Family households (families) - Female householder, no husband present","Percent; HOUSEHOLDS BY TYPE - Total households - Family households (families) - Female householder, no husband present","Number; HOUSEHOLDS BY TYPE - Total households - Family households (families) - Female householder, no husband present - With own children under 18 years","Percent; HOUSEHOLDS BY TYPE - Total households - Family households (families) - Female householder, no husband present - With own children under 18 years",Number; HOUSEHOLDS BY TYPE - Total households - Nonfamily households,Percent; HOUSEHOLDS BY TYPE - Total households - Nonfamily households,Number; HOUSEHOLDS BY TYPE - Total households - Nonfamily households - Householder living alone,Percent; HOUSEHOLDS BY TYPE - Total households - Nonfamily households - Householder living alone,Number; HOUSEHOLDS BY TYPE - Total households - Nonfamily households - Householder living alone - Householder 65 years and over,Percent; HOUSEHOLDS BY TYPE - Total households - Nonfamily households - Householder living alone - Householder 65 years and over,Number; HOUSEHOLDS BY TYPE - Total households - Households with individuals under 18 years,Percent; HOUSEHOLDS BY TYPE - Total households - Households with individuals under 18 years,Number; HOUSEHOLDS BY TYPE - Total households - Households with individuals 65 years and over,Percent; HOUSEHOLDS BY TYPE - Total households - Households with individuals 65 years and over,Number; HOUSEHOLDS BY TYPE - Total households - Average household size,Percent; HOUSEHOLDS BY TYPE - Total households - Average household size,Number; HOUSEHOLDS BY TYPE - Total households - Average family size,Percent; HOUSEHOLDS BY TYPE - Total households - Average family size,Number; HOUSING OCCUPANCY - Total housing units,Percent; HOUSING OCCUPANCY - Total housing units,Number; HOUSING OCCUPANCY - Total housing units - Occupied housing units,Percent; HOUSING OCCUPANCY - Total housing units - Occupied housing units,Number; HOUSING OCCUPANCY - Total housing units - Vacant housing units,Percent; HOUSING OCCUPANCY - Total housing units - Vacant housing units,"Number; HOUSING OCCUPANCY - Total housing units - Vacant housing units - For seasonal, recreational, or occasional use","Percent; HOUSING OCCUPANCY - Total housing units - Vacant housing units - For seasonal, recreational, or occasional use",Number; HOUSING OCCUPANCY - Total housing units - Homeowner vacancy rate (percent),Percent; HOUSING OCCUPANCY - Total housing units - Homeowner vacancy rate (percent),Number; HOUSING OCCUPANCY - Total housing units - Rental vacancy rate (percent),Percent; HOUSING OCCUPANCY - Total housing units - Rental vacancy rate (percent),Number; HOUSING TENURE - Occupied housing units,Percent; HOUSING TENURE - Occupied housing units,Number; HOUSING TENURE - Occupied housing units - Owner-occupied housing units,Percent; HOUSING TENURE - Occupied housing units - Owner-occupied housing units,Number; HOUSING TENURE - Occupied housing units - Renter-occupied housing units,Percent; HOUSING TENURE - Occupied housing units - Renter-occupied housing units,Number; HOUSING TENURE - Occupied housing units - Average household size of owner-occupied unit,Percent; HOUSING TENURE - Occupied housing units - Average household size of owner-occupied unit,Number; HOUSING TENURE - Occupied housing units - Average household size of renter-occupied unit,Percent; HOUSING TENURE - Occupied housing units - Average household size of renter-occupied unit
76102,8432,100,4927,58.4,3505,41.6,587,7,455,5.4,315,3.7,579,6.9,959,11.4,1782,21.1,1521,18,887,10.5,253,3,160,1.9,297,3.5,319,3.8,318,3.8,32.3,(X),6827,81,4055,48.1,2772,32.9,6304,74.8,1023,12.1,934,11.1,298,3.5,636,7.5,8272,98.1,4572,54.2,2916,34.6,52,0.6,95,1.1,24,0.3,6,0.1,3,0,0,0,3,0,52,0.6,7,0.1,0,0,0,0,0,0,0,0,0,0,637,7.6,160,1.9,4717,55.9,2949,35,80,0.9,111,1.3,2,0,743,8.8,8432,100,2222,26.4,1892,22.4,22,0.3,8,0.1,300,3.6,6210,73.6,3139,37.2,8432,100,4910,58.2,2279,27,452,5.4,1594,18.9,1342,15.9,318,3.8,142,1.7,267,3.2,79,0.9,3522,41.8,2915,34.6,607,7.2,2279,100,1049,46,611,26.8,452,19.8,166,7.3,517,22.7,415,18.2,1230,54,1100,48.3,345,15.1,687,30.1,518,22.7,2.15,(X),3.25,(X),2681,100,2279,85,402,15,43,1.6,5.7,(X),13.2,(X),2279,100,346,15.2,1933,84.8,2.62,(X),2.07,(X)
90013,9727,100,6420,66,3307,34,277,2.8,299,3.1,229,2.4,238,2.4,441,4.5,1611,16.6,2238,23,1950,20,610,6.3,487,5,715,7.4,502,5.2,130,1.3,43,(X),8800,90.5,5920,60.9,2880,29.6,8611,88.5,1608,16.5,1347,13.8,693,7.1,654,6.7,9282,95.4,2711,27.9,3682,37.9,132,1.4,1324,13.6,12,0.1,270,2.8,74,0.8,464,4.8,304,3.1,58,0.6,142,1.5,28,0.3,4,0,8,0.1,14,0.1,2,0,1405,14.4,445,4.6,3022,31.1,3805,39.1,251,2.6,1443,14.8,54,0.6,1641,16.9,9727,100,2525,26,1777,18.3,78,0.8,72,0.7,598,6.1,7202,74,1879,19.3,9727,100,4915,50.5,3796,39,298,3.1,310,3.2,211,2.2,121,1.2,15,0.2,390,4,111,1.1,4812,49.5,0,0,4812,49.5,3796,100,441,11.6,112,3,298,7.9,52,1.4,82,2.2,44,1.2,3355,88.4,3115,82.1,843,22.2,128,3.4,1024,27,1.29,(X),2.65,(X),4601,100,3796,82.5,805,17.5,20,0.4,25,(X),14.2,(X),3796,100,48,1.3,3748,98.7,2.73,(X),1.28,(X)
90006,62765,100,31901,50.8,30864,49.2,5939,9.5,6009,9.6,4493,7.2,4416,7,5761,9.2,12452,19.8,9571,15.2,6427,10.2,2035,3.2,1642,2.6,2386,3.8,1248,2,386,0.6,28.7,(X),43859,69.9,22205,35.4,21654,34.5,40848,65.1,4952,7.9,4020,6.4,1606,2.6,2414,3.8,58967,93.9,16892,26.9,2383,3.8,850,1.4,8725,13.9,71,0.1,279,0.4,637,1,492,0.8,6710,10.7,296,0.5,240,0.4,59,0.1,13,0,2,0,26,0,18,0,30058,47.9,3798,6.1,20036,31.9,2660,4.2,1237,2,9161,14.6,161,0.3,33452,53.3,62765,100,49335,78.6,21632,34.5,143,0.2,147,0.2,27413,43.7,13430,21.4,1955,3.1,62765,100,62125,99,18768,29.9,8164,13,21088,33.6,16310,26,8225,13.1,2145,3.4,5880,9.4,1538,2.5,640,1,335,0.5,305,0.5,18768,100,13584,72.4,8252,44,8164,43.5,5205,27.7,3520,18.8,2195,11.7,5184,27.6,3889,20.7,1174,6.3,9235,49.2,3059,16.3,3.31,(X),3.76,(X),19792,100,18768,94.8,1024,5.2,28,0.1,4.1,(X),3.7,(X),18768,100,1633,8.7,17135,91.3,3.94,(X),3.25,(X)
90005,43014,100,22281,51.8,20733,48.2,3707,8.6,3474,8.1,2324,5.4,2747,6.4,4258,9.9,9632,22.4,6978,16.2,4223,9.8,1315,3.1,1146,2.7,1700,4,1119,2.6,391,0.9,29.9,(X),32080,74.6,16512,38.4,15568,36.2,30004,69.8,3865,9,3210,7.5,1239,2.9,1971,4.6,40893,95.1,11958,27.8,2207,5.1,414,1,12058,28,127,0.3,278,0.6,1085,2.5,230,0.5,9958,23.2,120,0.3,260,0.6,37,0.1,3,0,12,0,5,0,17,0,14219,33.1,2121,4.9,13624,31.7,2426,5.6,723,1.7,12393,28.8,99,0.2,15945,37.1,43014,100,25079,58.3,11637,27.1,100,0.2,92,0.2,13250,30.8,17935,41.7,3246,7.5,43014,100,42786,99.5,15306,35.6,5907,13.7,12313,28.6,9644,22.4,5144,12,999,2.3,4116,9.6,1001,2.3,228,0.5,0,0,228,0.5,15306,100,9429,61.6,5260,34.4,5907,38.6,3452,22.6,2178,14.2,1303,8.5,5877,38.4,4466,29.2,1229,8,5796,37.9,2529,16.5,2.8,(X),3.48,(X),15905,100,15306,96.2,599,3.8,40,0.3,2,(X),2.8,(X),15306,100,1092,7.1,14214,92.9,3.07,(X),2.77,(X)
90004,67850,100,34200,50.4,33650,49.6,5621,8.3,5505,8.1,4470,6.6,4204,6.2,5564,8.2,13755,20.3,11525,17,7864,11.6,2546,3.8,1921,2.8,2777,4.1,1601,2.4,497,0.7,31.1,(X),49815,73.4,24931,36.7,24884,36.7,47074,69.4,5947,8.8,4875,7.2,2027,3,2848,4.2,63821,94.1,22898,33.7,2282,3.4,485,0.7,16233,23.9,396,0.6,536,0.8,5610,8.3,508,0.7,7800,11.5,260,0.4,1123,1.7,57,0.1,19,0,12,0,4,0,22,0,21866,32.2,4029,5.9,26125,38.5,2748,4.1,893,1.3,17033,25.1,170,0.3,25102,37,67850,100,37926,55.9,11706,17.3,216,0.3,376,0.6,25628,37.8,29924,44.1,10080,14.9,67850,100,67191,99,23066,34,9562,14.1,20878,30.8,15922,23.5,7887,11.6,1792,2.6,5798,8.5,1703,2.5,659,1,34,0.1,625,0.9,23066,100,15052,65.3,8568,37.1,9562,41.5,5649,24.5,3690,16,2155,9.3,8014,34.7,6094,26.4,1232,5.3,9420,40.8,3742,16.2,2.91,(X),3.55,(X),23922,100,23066,96.4,856,3.6,69,0.3,1.4,(X),2.7,(X),23066,100,4096,17.8,18970,82.2,3.02,(X),2.89,(X)
90007,45021,100,22644,50.3,22377,49.7,3087,6.9,3203,7.1,2745,6.1,6820,15.1,9488,21.1,7396,16.4,4769,10.6,3316,7.4,1068,2.4,801,1.8,1301,2.9,783,1.7,244,0.5,22.6,(X),34411,76.4,17214,38.2,17197,38.2,26070,57.9,2812,6.2,2328,5.2,859,1.9,1469,3.3,42432,94.2,14447,32.1,5765,12.8,387,0.9,4797,10.7,763,1.7,1698,3.8,515,1.1,300,0.7,797,1.8,276,0.6,448,1,94,0.2,35,0.1,16,0,22,0,21,0,16942,37.6,2589,5.8,16443,36.5,6233,13.8,638,1.4,5354,11.9,212,0.5,18860,41.9,45021,100,26199,58.2,14541,32.3,113,0.3,74,0.2,11471,25.5,18822,41.8,7250,16.1,45021,100,39019,86.7,12721,28.3,4029,8.9,11788,26.2,8861,19.7,4526,10.1,1386,3.1,5955,13.2,746,1.7,6002,13.3,91,0.2,5911,13.1,12721,100,7045,55.4,4316,33.9,4029,31.7,2627,20.7,2142,16.8,1306,10.3,5676,44.6,3322,26.1,761,6,4939,38.8,1866,14.7,3.07,(X),3.89,(X),13548,100,12721,93.9,827,6.1,38,0.3,3.9,(X),3.7,(X),12721,100,1519,11.9,11202,88.1,4.24,(X),2.91,(X)
90015,15134,100,7914,52.3,7220,47.7,1369,9,1396,9.2,1026,6.8,1238,8.2,1679,11.1,3001,19.8,2170,14.3,1398,9.2,456,3,358,2.4,593,3.9,350,2.3,100,0.7,27.8,(X),10678,70.6,5667,37.4,5011,33.1,9788,64.7,1257,8.3,1043,6.9,395,2.6,648,4.3,14295,94.5,4485,29.6,728,4.8,214,1.4,1432,9.5,71,0.5,214,1.4,120,0.8,72,0.5,863,5.7,22,0.1,70,0.5,6,0,2,0,2,0,1,0,1,0,7430,49.1,839,5.5,5156,34.1,803,5.3,331,2.2,1523,10.1,43,0.3,8163,53.9,15134,100,12193,80.6,7896,52.2,42,0.3,48,0.3,4207,27.8,2941,19.4,727,4.8,15134,100,14454,95.5,4888,32.3,1825,12.1,4757,31.4,3793,25.1,1792,11.8,476,3.1,1192,7.9,300,2,680,4.5,224,1.5,456,3,4888,100,2974,60.8,1821,37.3,1825,37.3,1178,24.1,738,15.1,481,9.8,1914,39.2,1553,31.8,466,9.5,2020,41.3,868,17.8,2.96,(X),3.82,(X),5339,100,4888,91.6,451,8.4,18,0.3,9.8,(X),6.2,(X),4888,100,508,10.4,4380,89.6,3.09,(X),2.94,(X)
20001,33550,100,15989,47.7,17561,52.3,1896,5.7,2267,6.8,1978,5.9,3152,9.4,4155,12.4,5082,15.1,4870,14.5,4036,12,1352,4,1135,3.4,1882,5.6,1302,3.9,443,1.3,31.2,(X),26319,78.4,12324,36.7,13995,41.7,23179,69.1,4276,12.7,3627,10.8,1317,3.9,2310,6.9,32808,97.8,2640,7.9,27554,82.1,132,0.4,1304,3.9,97,0.3,1060,3.2,27,0.1,9,0,17,0.1,37,0.1,57,0.2,6,0,0,0,1,0,2,0,3,0,1172,3.5,742,2.2,2944,8.8,28089,83.7,314,0.9,1440,4.3,46,0.1,1541,4.6,33550,100,2506,7.5,430,1.3,157,0.5,35,0.1,1884,5.6,31044,92.5,1740,5.2,33550,100,28490,84.9,11981,35.7,1977,5.9,7716,23,5275,15.7,3581,10.7,1575,4.7,3235,9.6,678,2,5060,15.1,257,0.8,4803,14.3,11981,100,5845,48.8,2800,23.4,1977,16.5,846,7.1,3166,26.4,1725,14.4,6136,51.2,4883,40.8,1527,12.7,3622,30.2,2934,24.5,2.38,(X),3.27,(X),14079,100,11981,85.1,2098,14.9,42,0.3,7.1,(X),5.8,(X),11981,100,3559,29.7,8422,70.3,2.64,(X),2.27,(X)
90014,3518,100,2207,62.7,1311,37.3,77,2.2,64,1.8,59,1.7,71,2,105,3,326,9.3,568,16.1,673,19.1,254,7.2,223,6.3,518,14.7,457,13,123,3.5,51.4,(X),3276,93.1,2107,59.9,1169,33.2,3227,91.7,1238,35.2,1098,31.2,532,15.1,566,16.1,3385,96.2,868,24.7,1006,28.6,35,1,940,26.7,21,0.6,51,1.4,25,0.7,26,0.7,770,21.9,17,0.5,30,0.9,6,0.2,1,0,0,0,3,0.1,2,0.1,530,15.1,133,3.8,949,27,1045,29.7,78,2.2,973,27.7,20,0.6,604,17.2,3518,100,894,25.4,631,17.9,34,1,26,0.7,203,5.8,2624,74.6,584,16.6,3518,100,2981,84.7,2431,69.1,225,6.4,133,3.8,83,2.4,80,2.3,12,0.3,112,3.2,22,0.6,537,15.3,96,2.7,441,12.5,2431,100,299,12.3,48,2,225,9.3,27,1.1,44,1.8,16,0.7,2132,87.7,2068,85.1,675,27.8,61,2.5,865,35.6,1.23,(X),2.46,(X),2587,100,2431,94,156,6,4,0.2,2.1,(X),5.4,(X),2431,100,46,1.9,2385,98.1,2.28,(X),1.21,(X)
60604,78,100,44,56.4,34,43.6,3,3.8,4,5.1,5,6.4,3,3.8,9,11.5,16,20.5,13,16.7,13,16.7,3,3.8,5,6.4,3,3.8,0,0,1,1.3,34.7,(X),64,82.1,35,44.9,29,37.2,62,79.5,8,10.3,4,5.1,3,3.8,1,1.3,78,100,35,44.9,11,14.1,0,0,26,33.3,0,0,26,33.3,0,0,0,0,0,0,0,0,0,0,1,1.3,1,1.3,0,0,0,0,0,0,5,6.4,0,0,35,44.9,11,14.1,0,0,26,33.3,1,1.3,5,6.4,78,100,17,21.8,17,21.8,0,0,0,0,0,0,61,78.2,23,29.5,78,100,74,94.9,33,42.3,17,21.8,21,26.9,13,16.7,2,2.6,0,0,1,1.3,0,0,4,5.1,0,0,4,5.1,33,100,19,57.6,8,24.2,17,51.5,6,18.2,2,6.1,2,6.1,14,42.4,14,42.4,2,6.1,8,24.2,4,12.1,2.24,(X),3.11,(X),40,100,33,82.5,7,17.5,0,0,5,(X),22.2,(X),33,100,19,57.6,14,42.4,2.42,(X),2,(X)
63101,1327,100,630,47.5,697,52.5,69,5.2,51,3.8,46,3.5,54,4.1,72,5.4,173,13,158,11.9,156,11.8,76,5.7,73,5.5,171,12.9,154,11.6,74,5.6,48.1,(X),1131,85.2,522,39.3,609,45.9,1095,82.5,444,33.5,399,30.1,182,13.7,217,16.4,1311,98.8,375,28.3,928,69.9,0,0,6,0.5,0,0,3,0.2,1,0.1,0,0,2,0.2,0,0,0,0,0,0,0,0,0,0,0,0,0,0,2,0.2,16,1.2,389,29.3,935,70.5,4,0.3,11,0.8,2,0.2,3,0.2,1327,100,9,0.7,4,0.3,0,0,1,0.1,4,0.3,1318,99.3,370,27.9,1327,100,1327,100,889,67,81,6.1,225,17,170,12.8,51,3.8,19,1.4,81,6.1,34,2.6,0,0,0,0,0,0,889,100,217,24.4,104,11.7,81,9.1,19,2.1,120,13.5,77,8.7,672,75.6,634,71.3,311,35,121,13.6,362,40.7,1.49,(X),2.65,(X),1286,100,889,69.1,397,30.9,7,0.5,2.9,(X),11,(X),889,100,34,3.8,855,96.2,1.56,(X),1.49,(X)
78702,22534,100,11337,50.3,11197,49.7,1986,8.8,1978,8.8,1915,8.5,1832,8.1,1861,8.3,3387,15,3029,13.4,2305,10.2,745,3.3,698,3.1,1455,6.5,950,4.2,393,1.7,29.8,(X),15592,69.2,7815,34.7,7777,34.5,14400,63.9,3220,14.3,2798,12.4,1056,4.7,1742,7.7,21932,97.3,6765,30,5338,23.7,224,1,81,0.4,14,0.1,6,0,3,0,1,0,7,0,35,0.2,15,0.1,10,0,0,0,2,0,0,0,8,0,9514,42.2,602,2.7,7232,32.1,5476,24.3,340,1.5,124,0.6,33,0.1,9971,44.2,22534,100,15261,67.7,11963,53.1,51,0.2,16,0.1,3231,14.3,7273,32.3,1699,7.5,22534,100,21990,97.6,7242,32.1,2445,10.9,7627,33.8,5402,24,3049,13.5,1378,6.1,1627,7.2,390,1.7,544,2.4,140,0.6,404,1.8,7242,100,4784,66.1,2413,33.3,2445,33.8,1304,18,1783,24.6,923,12.7,2458,33.9,1966,27.1,965,13.3,3044,42,2250,31.1,3.04,(X),3.74,(X),7725,100,7242,93.7,483,6.3,43,0.6,1.4,(X),3.8,(X),7242,100,3419,47.2,3823,52.8,3.04,(X),3.03,(X)
20005,10610,100,6278,59.2,4332,40.8,380,3.6,325,3.1,210,2,356,3.4,1325,12.5,3124,29.4,1953,18.4,1261,11.9,384,3.6,288,2.7,497,4.7,333,3.1,174,1.6,33.3,(X),9542,89.9,5703,53.8,3839,36.2,9203,86.7,1173,11.1,1004,9.5,403,3.8,601,5.7,10008,94.3,4825,45.5,2995,28.2,61,0.6,808,7.6,113,1.1,121,1.1,266,2.5,46,0.4,51,0.5,122,1.1,89,0.8,10,0.1,3,0,3,0,2,0,2,0,1309,12.3,602,5.7,5253,49.5,3250,30.6,137,1.3,948,8.9,34,0.3,1659,15.6,10610,100,2740,25.8,422,4,81,0.8,31,0.3,2206,20.8,7870,74.2,3723,35.1,10610,100,10455,98.5,6266,59.1,770,7.3,1145,10.8,895,8.4,710,6.7,115,1.1,1564,14.7,415,3.9,155,1.5,45,0.4,110,1,6266,100,1314,21,526,8.4,770,12.3,328,5.2,286,4.6,142,2.3,4952,79,4055,64.7,696,11.1,637,10.2,864,13.8,1.67,(X),3,(X),6850,100,6266,91.5,584,8.5,64,0.9,1.9,(X),4.8,(X),6266,100,1157,18.5,5109,81.5,1.61,(X),1.68,(X)
80205,29726,100,15382,51.7,14344,48.3,2515,8.5,2463,8.3,2318,7.8,2197,7.4,2455,8.3,5446,18.3,4307,14.5,3251,10.9,1103,3.7,820,2.8,1528,5.1,1000,3.4,323,1.1,30.1,(X),21082,70.9,10905,36.7,10177,34.2,19781,66.5,3339,11.2,2851,9.6,1139,3.8,1712,5.8,28483,95.8,9559,32.2,10878,36.6,368,1.2,267,0.9,24,0.1,13,0,16,0.1,69,0.2,28,0.1,9,0,108,0.4,25,0.1,6,0,8,0,7,0,4,0,7386,24.8,1243,4.2,10376,34.9,11444,38.5,728,2.4,381,1.3,58,0.2,8065,27.1,29726,100,13040,43.9,10230,34.4,90,0.3,37,0.1,2683,9,16686,56.1,4880,16.4,29726,100,28572,96.1,10389,34.9,3118,10.5,8816,29.7,6785,22.8,3738,12.6,1523,5.1,2511,8.4,733,2.5,1154,3.9,129,0.4,1025,3.4,10389,100,6000,57.8,3188,30.7,3118,30,1640,15.8,2183,21,1281,12.3,4389,42.2,3418,32.9,1065,10.3,3842,37,2285,22,2.75,(X),3.61,(X),11117,100,10389,93.5,728,6.5,49,0.4,1.8,(X),4.4,(X),10389,100,4848,46.7,5541,53.3,2.77,(X),2.73,(X)
75247,254,100,196,77.2,58,22.8,4,1.6,10,3.9,8,3.1,13,5.1,7,2.8,61,24,86,33.9,44,17.3,9,3.5,3,1.2,4,1.6,1,0.4,4,1.6,38.2,(X),222,87.4,181,71.3,41,16.1,217,85.4,10,3.9,9,3.5,2,0.8,7,2.8,239,94.1,69,27.2,144,56.7,3,1.2,6,2.4,1,0.4,1,0.4,0,0,0,0,0,0,4,1.6,0,0,2,0.8,0,0,0,0,0,0,2,0.8,15,5.9,15,5.9,78,30.7,154,60.6,6,2.4,10,3.9,3,1.2,20,7.9,254,100,49,19.3,32,12.6,0,0,6,2.4,11,4.3,205,80.7,51,20.1,254,100,45,17.7,23,9.1,4,1.6,12,4.7,8,3.1,4,1.6,0,0,2,0.8,0,0,209,82.3,0,0,209,82.3,23,100,12,52.2,4,17.4,4,17.4,1,4.3,5,21.7,3,13,11,47.8,11,47.8,3,13,4,17.4,7,30.4,1.96,(X),2.67,(X),28,100,23,82.1,5,17.9,0,0,6.3,(X),0,(X),23,100,15,65.2,8,34.8,2.13,(X),1.63,(X)
19121,34935,100,15518,44.4,19417,55.6,2677,7.7,3422,9.8,3481,10,2838,8.1,2451,7,4091,11.7,5159,14.8,3783,10.8,1347,3.9,1165,3.3,2367,6.8,1595,4.6,559,1.6,31.5,(X),23619,67.6,9878,28.3,13741,39.3,21967,62.9,5197,14.9,4521,12.9,1585,4.5,2936,8.4,34580,99,624,1.8,33534,96,76,0.2,190,0.5,34,0.1,56,0.2,7,0,8,0,27,0.1,5,0,53,0.2,4,0,2,0,0,0,0,0,2,0,152,0.4,355,1,748,2.1,33828,96.8,172,0.5,277,0.8,30,0.1,286,0.8,34935,100,524,1.5,81,0.2,261,0.7,12,0,170,0.5,34411,98.5,556,1.6,34935,100,33999,97.3,12604,36.1,1811,5.2,11709,33.5,7830,22.4,5483,15.7,3052,8.7,2392,6.8,834,2.4,936,2.7,257,0.7,679,1.9,12604,100,7699,61.1,3804,30.2,1811,14.4,722,5.7,5032,39.9,2743,21.8,4905,38.9,4172,33.1,1553,12.3,5139,40.8,3640,28.9,2.7,(X),3.47,(X),17537,100,12604,71.9,4933,28.1,18,0.1,2.8,(X),7.9,(X),12604,100,5274,41.8,7330,58.2,2.71,(X),2.69,(X)
19122,19589,100,8858,45.2,10731,54.8,1389,7.1,1636,8.4,1664,8.5,2935,15,2334,11.9,2214,11.3,2363,12.1,1834,9.4,685,3.5,605,3.1,1119,5.7,644,3.3,167,0.9,24.3,(X),14066,71.8,6085,31.1,7981,40.7,10997,56.1,2297,11.7,1930,9.9,733,3.7,1197,6.1,18835,96.2,4550,23.2,9461,48.3,90,0.5,368,1.9,120,0.6,45,0.2,38,0.2,11,0.1,17,0.1,9,0,128,0.7,29,0.1,10,0.1,1,0,0,0,18,0.1,4337,22.1,754,3.8,5071,25.9,9763,49.8,182,0.9,438,2.2,73,0.4,4860,24.8,19589,100,6622,33.8,100,0.5,5696,29.1,35,0.2,791,4,12967,66.2,3043,15.5,19589,100,16405,83.7,5629,28.7,1364,7,5943,30.3,4045,20.6,2423,12.4,1338,6.8,1046,5.3,381,1.9,3184,16.3,170,0.9,3014,15.4,5629,100,3752,66.7,1890,33.6,1364,24.2,588,10.4,2017,35.8,1164,20.7,1877,33.3,1565,27.8,671,11.9,2471,43.9,1575,28,2.91,(X),3.59,(X),6720,100,5629,83.8,1091,16.2,17,0.3,2.3,(X),6,(X),5629,100,2501,44.4,3128,55.6,2.93,(X),2.9,(X)
19123,9818,100,4686,47.7,5132,52.3,597,6.1,770,7.8,673,6.9,614,6.3,702,7.2,1617,16.5,1570,16,1228,12.5,394,4,347,3.5,645,6.6,479,4.9,182,1.9,34.5,(X),7411,75.5,3442,35.1,3969,40.4,7036,71.7,1508,15.4,1306,13.3,478,4.9,828,8.4,9595,97.7,2544,25.9,6359,64.8,19,0.2,151,1.5,13,0.1,49,0.5,10,0.1,10,0.1,11,0.1,10,0.1,48,0.5,6,0.1,2,0,1,0,0,0,3,0,516,5.3,223,2.3,2691,27.4,6495,66.2,75,0.8,182,1.9,12,0.1,624,6.4,9818,100,1082,11,88,0.9,779,7.9,20,0.2,195,2,8736,89,2157,22,9818,100,9105,92.7,4176,42.5,703,7.2,2605,26.5,1776,18.1,903,9.2,494,5,718,7.3,250,2.5,713,7.3,260,2.6,453,4.6,4176,100,1992,47.7,967,23.2,703,16.8,262,6.3,1125,26.9,632,15.1,2184,52.3,1815,43.5,654,15.7,1211,29,1003,24,2.18,(X),3.11,(X),5588,100,4176,74.7,1412,25.3,15,0.3,2.8,(X),6.6,(X),4176,100,1300,31.1,2876,68.9,2.39,(X),2.09,(X)
19130,22874,100,11066,48.4,11808,51.6,932,4.1,891,3.9,995,4.3,957,4.2,2381,10.4,5726,25,3471,15.2,2725,11.9,1010,4.4,805,3.5,1415,6.2,1102,4.8,464,2,33.9,(X),19500,85.2,9290,40.6,10210,44.6,18746,82,3463,15.1,2981,13,1092,4.8,1889,8.3,22349,97.7,13452,58.8,7126,31.2,49,0.2,777,3.4,211,0.9,178,0.8,48,0.2,37,0.2,172,0.8,25,0.1,106,0.5,15,0.1,4,0,5,0,1,0,5,0,930,4.1,525,2.3,13835,60.5,7344,32.1,127,0.6,876,3.8,29,0.1,1231,5.4,22874,100,1727,7.6,194,0.8,1101,4.8,25,0.1,407,1.8,21147,92.4,12805,56,22874,100,21739,95,11642,50.9,2426,10.6,3729,16.3,2453,10.7,1386,6.1,566,2.5,2556,11.2,816,3.6,1135,5,683,3,452,2,11642,100,4083,35.1,1451,12.5,2426,20.8,711,6.1,1274,10.9,605,5.2,7559,64.9,5861,50.3,1213,10.4,1731,14.9,2182,18.7,1.87,(X),2.85,(X),13110,100,11642,88.8,1468,11.2,192,1.5,2.8,(X),5,(X),11642,100,4302,37,7340,63,2.08,(X),1.74,(X)
19133,27971,100,13063,46.7,14908,53.3,2605,9.3,3175,11.4,3006,10.7,2540,9.1,1965,7,3723,13.3,3804,13.6,3054,10.9,1150,4.1,868,3.1,1305,4.7,615,2.2,161,0.6,26.8,(X),17637,63.1,7895,28.2,9742,34.8,16187,57.9,2569,9.2,2081,7.4,838,3,1243,4.4,26765,95.7,4188,15,12025,43,192,0.7,145,0.5,29,0.1,51,0.2,6,0,2,0,14,0.1,19,0.1,24,0.1,26,0.1,2,0,0,0,8,0,16,0.1,10189,36.4,1206,4.3,4947,17.7,12491,44.7,340,1.2,230,0.8,74,0.3,11173,39.9,27971,100,15879,56.8,308,1.1,13614,48.7,134,0.5,1823,6.5,12092,43.2,540,1.9,27971,100,27764,99.3,8631,30.9,2066,7.4,10916,39,7679,27.5,4374,15.6,2469,8.8,1777,6.4,719,2.6,207,0.7,42,0.2,165,0.6,8631,100,6315,73.2,3449,40,2066,23.9,1055,12.2,3579,41.5,2111,24.5,2316,26.8,1875,21.7,562,6.5,4476,51.9,1737,20.1,3.22,(X),3.75,(X),10856,100,8631,79.5,2225,20.5,13,0.1,3.3,(X),10.4,(X),8631,100,4278,49.6,4353,50.4,3.15,(X),3.28,(X)
77004,30379,100,14803,48.7,15576,51.3,1916,6.3,2030,6.7,1757,5.8,3028,10,3540,11.7,4392,14.5,4014,13.2,3451,11.4,1227,4,1025,3.4,2061,6.8,1357,4.5,581,1.9,31.3,(X),23660,77.9,11289,37.2,12371,40.7,20579,67.7,4590,15.1,3999,13.2,1489,4.9,2510,8.3,29654,97.6,5082,16.7,21999,72.4,91,0.3,863,2.8,209,0.7,263,0.9,27,0.1,25,0.1,30,0.1,165,0.5,144,0.5,8,0,1,0,0,0,5,0,2,0,1611,5.3,725,2.4,5545,18.3,22311,73.4,236,0.8,1019,3.4,44,0.1,2017,6.6,30379,100,3570,11.8,2829,9.3,50,0.2,32,0.1,659,2.2,26809,88.2,3588,11.8,30379,100,26390,86.9,11614,38.2,2417,8,7154,23.5,5100,16.8,2999,9.9,1289,4.2,2206,7.3,602,2,3989,13.1,550,1.8,3439,11.3,11614,100,5885,50.7,2683,23.1,2417,20.8,994,8.6,2778,23.9,1441,12.4,5729,49.3,4695,40.4,1387,11.9,3409,29.4,2968,25.6,2.27,(X),3.14,(X),13631,100,11614,85.2,2017,14.8,57,0.4,4.1,(X),8.6,(X),11614,100,3449,29.7,8165,70.3,2.28,(X),2.27,(X)
77003,9195,100,4845,52.7,4350,47.3,910,9.9,912,9.9,752,8.2,808,8.8,776,8.4,1373,14.9,1246,13.6,1021,11.1,332,3.6,284,3.1,433,4.7,243,2.6,105,1.1,28,(X),6131,66.7,3288,35.8,2843,30.9,5649,61.4,963,10.5,781,8.5,350,3.8,431,4.7,8860,96.4,3365,36.6,1932,21,57,0.6,108,1.2,5,0.1,11,0.1,4,0,5,0.1,2,0,77,0.8,4,0,0,0,0,0,0,0,0,0,0,0,3398,37,335,3.6,3651,39.7,1971,21.4,83,0.9,133,1.4,1,0,3701,40.3,9195,100,6655,72.4,5129,55.8,35,0.4,4,0,1487,16.2,2540,27.6,455,4.9,9195,100,8539,92.9,2518,27.4,987,10.7,3223,35.1,2370,25.8,1270,13.8,580,6.3,541,5.9,127,1.4,656,7.1,155,1.7,501,5.4,2518,100,1791,71.1,1028,40.8,987,39.2,593,23.6,591,23.5,350,13.9,727,28.9,570,22.6,180,7.1,1255,49.8,531,21.1,3.39,(X),4.06,(X),2780,100,2518,90.6,262,9.4,4,0.1,3.3,(X),6.8,(X),2518,100,739,29.3,1779,70.7,3.54,(X),3.33,(X)
77002,13289,100,10826,81.5,2463,18.5,137,1,86,0.6,85,0.6,1218,9.2,2280,17.2,3881,29.2,3320,25,1468,11,290,2.2,178,1.3,211,1.6,105,0.8,30,0.2,32.1,(X),12634,95.1,10342,77.8,2292,17.2,11263,84.8,450,3.4,346,2.6,209,1.6,137,1,13173,99.1,7435,55.9,5400,40.6,16,0.1,166,1.2,24,0.2,20,0.2,11,0.1,1,0,9,0.1,60,0.5,41,0.3,2,0,1,0,1,0,0,0,0,0,154,1.2,116,0.9,7525,56.6,5438,40.9,30,0.2,190,1.4,4,0,222,1.7,13289,100,2925,22,2730,20.5,17,0.1,19,0.1,159,1.2,10364,78,4739,35.7,13289,100,2411,18.1,1776,13.4,223,1.7,159,1.2,129,1,60,0.5,22,0.2,193,1.5,98,0.7,10878,81.9,9933,74.7,945,7.1,1776,100,302,17,68,3.8,223,12.6,24,1.4,56,3.2,35,2,1474,83,1297,73,92,5.2,79,4.4,125,7,1.36,(X),2.46,(X),2451,100,1776,72.5,675,27.5,128,5.2,24,(X),16.2,(X),1776,100,253,14.2,1523,85.8,1.57,(X),1.32,(X)
94608,24572,100,11748,47.8,12824,52.2,1371,5.6,1575,6.4,1558,6.3,1372,5.6,2047,8.3,4506,18.3,4046,16.5,3478,14.2,1094,4.5,810,3.3,1321,5.4,1040,4.2,354,1.4,34.7,(X),19244,78.3,9120,37.1,10124,41.2,18343,74.7,3150,12.8,2715,11,1095,4.5,1620,6.6,23307,94.9,6062,24.7,12923,52.6,128,0.5,2934,11.9,648,2.6,1026,4.2,293,1.2,193,0.8,230,0.9,261,1.1,283,1.2,43,0.2,19,0.1,6,0,0,0,18,0.1,1217,5,1265,5.1,6901,28.1,13555,55.2,522,2.1,3274,13.3,98,0.4,1674,6.8,24572,100,2381,9.7,1460,5.9,113,0.5,39,0.2,769,3.1,22191,90.3,5295,21.5,24572,100,24234,98.6,10880,44.3,2196,8.9,5906,24,4160,16.9,2387,9.7,973,4,2865,11.7,776,3.2,338,1.4,21,0.1,317,1.3,10880,100,4895,45,2266,20.8,2196,20.2,904,8.3,2162,19.9,1168,10.7,5985,55,4576,42.1,1077,9.9,2823,25.9,2217,20.4,2.23,(X),3.14,(X),11734,100,10880,92.7,854,7.3,96,0.8,1.6,(X),3.6,(X),10880,100,3838,35.3,7042,64.7,2.22,(X),2.23,(X)
76102,8432,100,4927,58.4,3505,41.6,587,7,455,5.4,315,3.7,579,6.9,959,11.4,1782,21.1,1521,18,887,10.5,253,3,160,1.9,297,3.5,319,3.8,318,3.8,32.3,(X),6827,81,4055,48.1,2772,32.9,6304,74.8,1023,12.1,934,11.1,298,3.5,636,7.5,8272,98.1,4572,54.2,2916,34.6,52,0.6,95,1.1,24,0.3,6,0.1,3,0,0,0,3,0,52,0.6,7,0.1,0,0,0,0,0,0,0,0,0,0,637,7.6,160,1.9,4717,55.9,2949,35,80,0.9,111,1.3,2,0,743,8.8,8432,100,2222,26.4,1892,22.4,22,0.3,8,0.1,300,3.6,6210,73.6,3139,37.2,8432,100,4910,58.2,2279,27,452,5.4,1594,18.9,1342,15.9,318,3.8,142,1.7,267,3.2,79,0.9,3522,41.8,2915,34.6,607,7.2,2279,100,1049,46,611,26.8,452,19.8,166,7.3,517,22.7,415,18.2,1230,54,1100,48.3,345,15.1,687,30.1,518,22.7,2.15,(X),3.25,(X),2681,100,2279,85,402,15,43,1.6,5.7,(X),13.2,(X),2279,100,346,15.2,1933,84.8,2.62,(X),2.07,(X)
11205,35622,100,16484,46.3,19138,53.7,2614,7.3,2821,7.9,2658,7.5,3147,8.8,3756,10.5,6602,18.5,4999,14,3737,10.5,1372,3.9,1136,3.2,1636,4.6,878,2.5,266,0.7,29.1,(X),26002,73,11506,32.3,14496,40.7,23507,66,3397,9.5,2780,7.8,1022,2.9,1758,4.9,33955,95.3,8136,22.8,19160,53.8,264,0.7,959,2.7,127,0.4,262,0.7,68,0.2,53,0.1,197,0.6,28,0.1,224,0.6,28,0.1,6,0,5,0,5,0,12,0,5408,15.2,1667,4.7,9060,25.4,20002,56.2,556,1.6,1152,3.2,124,0.3,6508,18.3,35622,100,10872,30.5,2005,5.6,5151,14.5,104,0.3,3612,10.1,24750,69.5,4877,13.7,35622,100,32990,92.6,12920,36.3,2933,8.2,10433,29.3,7147,20.1,3884,10.9,1801,5.1,2820,7.9,848,2.4,2632,7.4,192,0.5,2440,6.8,12920,100,7224,55.9,3752,29,2933,22.7,1386,10.7,3616,28,2079,16.1,5696,44.1,4359,33.7,967,7.5,4658,36.1,2197,17,2.55,(X),3.39,(X),13876,100,12920,93.1,956,6.9,31,0.2,3.3,(X),3.5,(X),12920,100,2232,17.3,10688,82.7,2.42,(X),2.58,(X)
11206,69032,100,31946,46.3,37086,53.7,6002,8.7,6568,9.5,6311,9.1,5931,8.6,5981,8.7,10063,14.6,9368,13.6,7296,10.6,2855,4.1,2573,3.7,3632,5.3,1915,2.8,537,0.8,28.7,(X),46577,67.5,20593,29.8,25984,37.6,43006,62.3,7510,10.9,6084,8.8,2111,3.1,3973,5.8,65217,94.5,16953,24.6,24203,35.1,572,0.8,2906,4.2,107,0.2,2558,3.7,30,0,60,0.1,27,0,25,0,99,0.1,81,0.1,9,0,27,0,18,0,27,0,20502,29.7,3815,5.5,19528,28.3,25894,37.5,999,1.4,3211,4.7,205,0.3,23310,33.8,69032,100,37287,54,3537,5.1,20398,29.5,232,0.3,13120,19,31745,46,5281,7.7,69032,100,67240,97.4,22301,32.3,6428,9.3,25766,37.3,17704,25.6,8789,12.7,4063,5.9,3956,5.7,1270,1.8,1792,2.6,1245,1.8,547,0.8,22301,100,15695,70.4,8557,38.4,6428,28.8,3488,15.6,7906,35.5,4567,20.5,6606,29.6,5511,24.7,2010,9,10520,47.2,4888,21.9,3.02,(X),3.61,(X),24080,100,22301,92.6,1779,7.4,29,0.1,5,(X),3.8,(X),22301,100,1909,8.6,20392,91.4,3.1,(X),3.01,(X)
11237,48910,100,24186,49.5,24724,50.5,4946,10.1,5098,10.4,4144,8.5,3913,8,4801,9.8,8985,18.4,7000,14.3,4685,9.6,1555,3.2,1180,2.4,1621,3.3,747,1.5,235,0.5,26.6,(X),32465,66.4,15668,32,16797,34.3,29907,61.1,3250,6.6,2603,5.3,999,2,1604,3.3,45206,92.4,13158,26.9,4938,10.1,629,1.3,2761,5.6,606,1.2,1307,2.7,466,1,24,0,87,0.2,85,0.2,186,0.4,54,0.1,4,0,21,0,5,0,24,0,23666,48.4,3704,7.6,15725,32.2,5832,11.9,930,1.9,3253,6.7,164,0.3,26877,55,48910,100,38909,79.6,4544,9.3,15454,31.6,155,0.3,18756,38.3,10001,20.4,2259,4.6,48910,100,48784,99.7,14026,28.7,5361,11,18757,38.4,13898,28.4,6612,13.5,2169,4.4,4028,8.2,1116,2.3,126,0.3,0,0,126,0.3,14026,100,11287,80.5,7106,50.7,5361,38.2,3312,23.6,4731,33.7,3282,23.4,2739,19.5,2055,14.7,763,5.4,8092,57.7,2209,15.7,3.48,(X),3.72,(X),14881,100,14026,94.3,855,5.7,17,0.1,1.9,(X),3.2,(X),14026,100,1386,9.9,12640,90.1,3.52,(X),3.47,(X)
11238,48965,100,22642,46.2,26323,53.8,2882,5.9,3028,6.2,2722,5.6,2849,5.8,3949,8.1,10492,21.4,8208,16.8,5946,12.1,2169,4.4,1806,3.7,2611,5.3,1640,3.3,663,1.4,33.4,(X),38680,79,17470,35.7,21210,43.3,36913,75.4,5888,12,4914,10,1721,3.5,3193,6.5,46844,95.7,8551,17.5,33848,69.1,190,0.4,1728,3.5,430,0.9,411,0.8,85,0.2,269,0.5,228,0.5,30,0.1,275,0.6,50,0.1,10,0,17,0,9,0,14,0,2477,5.1,2121,4.3,9486,19.4,35250,72,621,1.3,2151,4.4,105,0.2,3667,7.5,48965,100,5607,11.5,391,0.8,2403,4.9,172,0.4,2641,5.4,43358,88.5,7274,14.9,48965,100,47544,97.1,21104,43.1,4672,9.5,12119,24.8,8011,16.4,4786,9.8,1911,3.9,4863,9.9,1446,3,1421,2.9,555,1.1,866,1.8,21104,100,10201,48.3,4826,22.9,4672,22.1,2078,9.8,4463,21.1,2370,11.2,10903,51.7,8263,39.2,1788,8.5,5840,27.7,3786,17.9,2.25,(X),3.12,(X),22862,100,21104,92.3,1758,7.7,55,0.2,2.4,(X),4.4,(X),21104,100,4753,22.5,16351,77.5,2.42,(X),2.2,(X)